num_ligne,Année,UAI,Etablissement,Code région,Region,Académie,Code departement,Département,Code commune,Commune,Secteur,Présents - Toutes séries,Taux de réussite - Toutes séries,Valeur ajoutée du taux de réussite - Toutes séries,Taux d'accès 2nde-bac,Valeur ajoutée du taux d'acces 2nde-bac,Taux de mentions - Toutes séries,Valeur ajoutée du taux de mentions - Toutes séries,Présents - L,Présents - ES,Présents - S,Présents - Gnle,Présents - STI2D,Présents - STD2A,Présents - STMG,Présents - STL,Présents - ST2S,Présents - S2TMD,Présents - STHR,Taux de réussite - L,Taux de réussite - ES,Taux de réussite - S,Taux de réussite - Gnle,Taux de réussite - STI2D,Taux de réussite - STD2A,Taux de réussite - STMG,Taux de réussite - STL,Taux de réussite - ST2S,Taux de réussite - S2TMD,Taux de réussite - STHR,Valeur ajoutée du taux de réussite - L,Valeur ajoutée du taux de réussite - ES,Valeur ajoutée du taux de réussite - S,Valeur ajoutée du taux de réussite - Gnle,Valeur ajoutée du taux de réussite - STI2D,Valeur ajoutée du taux de réussite - STD2A,Valeur ajoutée du taux de réussite - STMG,Valeur ajoutée du taux de réussite - STL,Valeur ajoutée du taux de réussite - ST2S,Valeur ajoutée du taux de réussite - S2TMD,Valeur ajoutée du taux de réussite - STHR,Effectif de seconde,Effectif de premiere,Effectif de terminale,Taux d'accès 1ere-bac,Taux d'accès terminale-bac,Valeur ajoutée du taux d'accès 1ere-bac,Valeur ajoutée du taux d'accès terminale-bac,Taux de mentions - L,Taux de mentions - ES,Taux de mentions - S,Taux de mentions - Gnle,Taux de mentions - STI2D,Taux de mentions - STD2A,Taux de mentions - STMG,Taux de mentions - STL,Taux de mentions - ST2S,Taux de mentions - S2TMD,Taux de mentions - STHR,Valeur ajoutée du taux de mentions - L,Valeur ajoutée du taux de mentions - ES,Valeur ajoutée du taux de mentions - S,Valeur ajoutée du taux de mentions - Gnle,Valeur ajoutée du taux de mentions - STI2D,Valeur ajoutée du taux de mentions - STD2A,Valeur ajoutée du taux de mentions - STMG,Valeur ajoutée du taux de mentions - STL,Valeur ajoutée du taux de mentions - ST2S,Valeur ajoutée du taux de mentions - S2TMD,Valeur ajoutée du taux de mentions - STHR,Nombre de mentions TB avec félicitations - G,Nombre de mentions TB sans félicitations - G,Nombre de mentions B - G,Nombre de mentions AB - G,Nombre de mentions TB avec félicitations - T,Nombre de mentions TB sans félicitations - T,Nombre de mentions B - T,Nombre de mentions AB - T
466,2024,0292137R,LYCEE DIWAN,53,BRETAGNE,RENNES,29,FINISTERE,29024,CARHAIX PLOUGUER,privé sous contrat,88,98,0,93,5,81,12,,,,88,,,,,,,,,,,98,,,,,,,,,,,0,,,,,,,,69,69,81,94,100,-1,2,,,,81,,,,,,,,,,,12,,,,,,,,2,15,20,34,,,,
628,2024,0350053T,LYCEE BERTRAND D'ARGENTRE,53,BRETAGNE,RENNES,35,ILLE-ET-VILAINE,35360,VITRE,public,387,97,0,89,2,66,2,,,,289,,,98,,,,,,,,100,,,91,,,,,,,,2,,,-2,,,,,369,366,370,96,99,2,2,,,,75,,,38,,,,,,,,3,,,-4,,,,,4,41,72,100,,,7,30
649,2024,0352318E,LYCEE JEAN BRITO,53,BRETAGNE,RENNES,35,ILLE-ET-VILAINE,35012,BAIN DE BRETAGNE,public,359,97,-1,89,1,68,-1,,,,267,,,92,,,,,,,,97,,,97,,,,,,,,-1,,,2,,,,,341,297,326,95,98,0,0,,,,74,,,52,,,,,,,,-1,,,2,,,,,1,28,73,95,,1,10,37
1005,2024,0560051B,LYCEE ALAIN RENE LESAGE,53,BRETAGNE,RENNES,56,MORBIHAN,56260,VANNES LE PRAT,public,370,96,-1,88,2,70,5,,,,305,37,,28,,,,,,,,97,95,,93,,,,,,,,-1,3,,0,,,,,354,301,311,94,97,0,0,,,,75,54,,29,,,,,,,,5,12,,-9,,,,,6,35,74,115,,,7,21
348,2024,0220117H,LYCEE SACRE-COEUR (GENERAL ET TECHNO.),53,BRETAGNE,RENNES,22,COTES D'ARMOR,22278,SAINT BRIEUC,privé sous contrat,117,98,2,93,8,58,4,,,,28,32,,57,,,,,,,,96,100,,98,,,,,,,,-3,6,,3,,,,,97,117,120,97,99,5,3,,,,89,50,,47,,,,,,,,11,2,,2,,,,,,2,5,18,,1,11,31
447,2024,0290156M,LYCEE ST LOUIS,53,BRETAGNE,RENNES,29,FINISTERE,29026,CHATEAULIN,privé sous contrat,93,100,2,84,-4,83,13,,,,71,,,22,,,,,,,,100,,,100,,,,,,,,2,,,3,,,,,94,96,77,96,100,1,2,,,,89,,,64,,,,,,,,15,,,8,,,,,4,7,22,30,,,5,9
639,2024,0350795Z,LYCEE DE LA SALLE (GENERAL ET TECHNO.),53,BRETAGNE,RENNES,35,ILLE-ET-VILAINE,35238,RENNES,privé sous contrat,72,97,0,84,1,47,-4,,,,,,,72,,,,,,,,,,,97,,,,,,,,,,,0,,,,,36,70,66,88,100,-4,4,,,,,,,47,,,,,,,,,,,-4,,,,,,,,,,,7,27
1001,2024,0560016N,LYCEE BROCELIANDE (GENERAL ET TECHNO.),53,BRETAGNE,RENNES,56,MORBIHAN,56075,GUER,public,122,91,-5,83,-3,53,-6,,,,89,,,33,,,,,,,,94,,,82,,,,,,,,-3,,,-11,,,,,140,129,130,88,92,-5,-4,,,,62,,,30,,,,,,,,-3,,,-12,,,,,1,8,15,31,,,2,8
437,2024,0290034E,LYCEE JEAN-MARIE LE BRIS,53,BRETAGNE,RENNES,29,FINISTERE,29046,DOUARNENEZ,public,116,98,1,83,-4,62,3,,,,95,,,21,,,,,,,,98,,,100,,,,,,,,1,,,4,,,,,104,122,98,94,97,0,0,,,,63,,,57,,,,,,,,1,,,11,,,,,,11,15,34,,,3,9
618,2024,0350005R,LYCEE YVON BOURGES (GENERAL ET TECHNO.),53,BRETAGNE,RENNES,35,ILLE-ET-VILAINE,35093,DINARD,public,57,96,-3,81,-5,61,-15,,,,,,,,,,,57,,,,,,,,,,,96,,,,,,,,,,,-3,63,65,51,93,93,0,-4,,,,,,,,,,,61,,,,,,,,,,,-15,,,,,,3,14,18
442,2024,0290070U,LYCEE JEAN CHAPTAL,53,BRETAGNE,RENNES,29,FINISTERE,29232,QUIMPER,public,103,98,3,73,-10,54,3,,,,,,,35,22,46,,,,,,,,,97,95,100,,,,,,,,,3,0,5,,,81,114,95,91,97,0,3,,,,,,,40,68,59,,,,,,,,,-5,7,8,,,,,,,,,16,40
444,2024,0290076A,LYCEE DE KERNEUZEC,53,BRETAGNE,RENNES,29,FINISTERE,29233,QUIMPERLE,public,264,98,1,87,0,61,-4,,,,171,,,58,,35,,,,,,99,,,93,,100,,,,,,1,,,-2,,3,,,279,221,266,96,98,2,0,,,,69,,,40,,60,,,,,,-3,,,-7,,2,,,,14,41,63,,2,9,33
621,2024,0350024L,LYCEE EMILE ZOLA,53,BRETAGNE,RENNES,35,ILLE-ET-VILAINE,35238,RENNES,public,296,98,-1,91,2,74,-7,,,,296,,,,,,,,,,,98,,,,,,,,,,,-1,,,,,,,,382,311,315,96,97,0,-2,,,,74,,,,,,,,,,,-7,,,,,,,,9,40,68,101,,,,
340,2024,0220094H,LYCEE CORDELIERS-N-D DE LA VICTOIRE,53,BRETAGNE,RENNES,22,COTES D'ARMOR,22050,DINAN,privé sous contrat,213,99,0,84,-5,79,4,,,,169,,,44,,,,,,,,99,,,95,,,,,,,,0,,,-1,,,,,231,208,205,96,100,1,2,,,,86,,,52,,,,,,,,4,,,3,,,,,4,24,55,63,,,4,19
430,2024,0290009C,LYCEE DE L'IROISE,53,BRETAGNE,RENNES,29,FINISTERE,29019,BREST,public,168,98,-1,85,-4,65,-12,,,,168,,,,,,,,,,,98,,,,,,,,,,,-1,,,,,,,,200,127,137,92,97,-4,-2,,,,65,,,,,,,,,,,-12,,,,,,,,2,21,29,58,,,,
436,2024,0290030A,LYCEE PIERRE GUEGUIN (GENERAL ET TECHNO.),53,BRETAGNE,RENNES,29,FINISTERE,29039,CONCARNEAU,public,148,98,1,88,2,57,-4,,,,113,,,35,,,,,,,,99,,,94,,,,,,,,1,,,0,,,,,148,161,149,95,99,1,2,,,,63,,,37,,,,,,,,-4,,,-6,,,,,1,4,29,37,,1,3,9
462,2024,0290338K,LYCEE STE ANNE,53,BRETAGNE,RENNES,29,FINISTERE,29019,BREST,privé sous contrat,197,99,0,88,-3,89,2,,,,197,,,,,,,,,,,99,,,,,,,,,,,0,,,,,,,,220,216,187,98,99,1,0,,,,89,,,,,,,,,,,2,,,,,,,,9,42,75,49,,,,
645,2024,0352009U,LYCEE VICTOR ET HELENE BASCH,53,BRETAGNE,RENNES,35,ILLE-ET-VILAINE,35238,RENNES,public,320,93,-3,86,1,60,-3,,,,236,,,84,,,,,,,,96,,,87,,,,,,,,-2,,,-4,,,,,348,356,319,90,96,-3,-1,,,,68,,,38,,,,,,,,-5,,,2,,,,,3,36,52,69,,2,7,23
650,2024,0352341E,LYCEE ST JOSEPH,53,BRETAGNE,RENNES,35,ILLE-ET-VILAINE,35047,BRUZ,privé sous contrat,226,100,1,86,-3,89,6,,,,194,,,32,,,,,,,,99,,,100,,,,,,,,0,,,2,,,,,257,202,194,95,99,-1,0,,,,91,,,75,,,,,,,,5,,,12,,,,,4,36,68,69,,1,5,18
651,2024,0352471W,LYCEE ST MAGLOIRE,53,BRETAGNE,RENNES,35,ILLE-ET-VILAINE,35095,DOL DE BRETAGNE,privé sous contrat,115,98,2,85,-2,66,6,,,,115,,,,,,,,,,,98,,,,,,,,,,,2,,,,,,,,124,114,86,95,99,1,2,,,,66,,,,,,,,,,,6,,,,,,,,2,8,30,36,,,,
331,2024,0220013V,LYCEE DE LA FONTAINE DES EAUX (GENERAL ET TECHNO.),53,BRETAGNE,RENNES,22,COTES D'ARMOR,22050,DINAN,public,376,94,-3,85,-2,60,-1,,,,238,45,,93,,,,,,,,97,91,,89,,,,,,,,-1,-4,,-5,,,,,361,380,314,92,95,-2,-2,,,,70,49,,39,,,,,,,,0,-7,,-3,,,,,2,18,52,95,,,18,40
345,2024,0220107X,LYCEE NOTRE DAME DE CAMPOSTAL,53,BRETAGNE,RENNES,22,COTES D'ARMOR,22266,ROSTRENEN,privé sous contrat,57,98,3,82,-4,60,1,,,,37,,,,,20,,,,,,97,,,,,100,,,,,,0,,,,,7,,,49,40,45,95,100,2,4,,,,68,,,,,45,,,,,,3,,,,,-3,,,1,5,14,5,,1,2,6
439,2024,0290051Y,LYCEE TRISTAN CORBIERE,53,BRETAGNE,RENNES,29,FINISTERE,29151,MORLAIX,public,254,98,1,84,-3,60,-6,,,,143,25,,50,,36,,,,,,100,100,,90,,100,,,,,,1,3,,-4,,3,,,274,263,232,93,98,-2,0,,,,73,60,,42,,33,,,,,,-4,-6,,-1,,-24,,,,16,37,51,1,,9,38
450,2024,0290164W,LYCEE NOTRE DAME DU MUR,53,BRETAGNE,RENNES,29,FINISTERE,29151,MORLAIX,privé sous contrat,137,97,-1,86,-1,63,-2,,,,112,,,25,,,,,,,,96,,,100,,,,,,,,-2,,,4,,,,,117,118,107,89,96,-5,-2,,,,70,,,32,,,,,,,,1,,,-19,,,,,2,9,23,44,,,2,6
457,2024,0290186V,LYCEE LE PARACLET (GENERAL ET TECHNO.),53,BRETAGNE,RENNES,29,FINISTERE,29232,QUIMPER,privé sous contrat,54,100,2,91,6,76,-1,,,,,,35,,,,,19,,,,,,100,,,,,100,,,,,,1,,,,,2,52,60,56,98,100,5,3,,,,,,80,,,,,68,,,,,,-1,,,,,-1,,,,,,1,13,27
459,2024,0290198H,LYCEE ST ESPRIT,53,BRETAGNE,RENNES,29,FINISTERE,29105,LANDIVISIAU,privé sous contrat,44,100,2,80,-7,89,18,,,,44,,,,,,,,,,,100,,,,,,,,,,,2,,,,,,,,66,43,40,100,100,5,2,,,,89,,,,,,,,,,,18,,,,,,,,,3,14,22,,,,
654,2024,0352867B,LYCEE LEGTA T. MONOD LE RHEU,53,BRETAGNE,RENNES,35,ILLE-ET-VILAINE,35240,LE RHEU,public,186,98,0,85,-3,72,-2,,,,186,,,,,,,,,,,98,,,,,,,,,,,0,,,,,,,,232,140,153,94,99,-2,1,,,,72,,,,,,,,,,,-2,,,,,,,,,23,33,78,,,,
1013,2024,0560181T,LYCEE SAINT JOSEPH - LA SALLE (GENERAL ET TECHNO.),53,BRETAGNE,RENNES,56,MORBIHAN,56121,LORIENT,privé sous contrat,152,99,1,87,-1,73,2,,,,93,59,,,,,,,,,,98,100,,,,,,,,,,-1,4,,,,,,,204,184,178,93,99,-2,1,,,,80,63,,,,,,,,,,2,2,,,,,,,1,13,26,34,,4,10,23
433,2024,0290013G,LYCEE JULES LESVEN,53,BRETAGNE,RENNES,29,FINISTERE,29019,BREST,public,246,96,2,85,1,46,-1,,,,124,,,122,,,,,,,,98,,,94,,,,,,,,3,,,1,,,,,167,248,238,93,98,2,3,,,,56,,,35,,,,,,,,2,,,-6,,,,,,2,12,55,,2,6,35
1015,2024,0560198L,LYCEE ST JOSEPH - LA SALLE (GENERAL ET TECHNO.),53,BRETAGNE,RENNES,56,MORBIHAN,56260,VANNES LE PRAT,privé sous contrat,92,99,2,85,-1,68,4,,,,25,67,,,,,,,,,,100,99,,,,,,,,,,1,2,,,,,,,95,91,73,95,99,1,2,,,,76,66,,,,,,,,,,1,5,,,,,,,,2,4,13,,,12,32
342,2024,0220099N,LYCEE ST JOSEPH,53,BRETAGNE,RENNES,22,COTES D'ARMOR,22093,LAMBALLE,privé sous contrat,264,100,2,87,-1,80,9,,,,183,,,36,,45,,,,,,99,,,100,,100,,,,,,1,,,4,,2,,,276,243,230,99,100,4,2,,,,81,,,67,,87,,,,,,5,,,14,,23,,,2,23,54,70,,6,17,40
445,2024,0290098Z,LYCEE DE CORNOUAILLE,53,BRETAGNE,RENNES,29,FINISTERE,29232,QUIMPER,public,246,95,0,80,-6,56,0,,,,180,,,66,,,,,,,,95,,,94,,,,,,,,-2,,,3,,,,,240,243,234,88,95,-5,-1,,,,64,,,32,,,,,,,,-1,,,-1,,,,,2,16,31,67,,,2,19
449,2024,0290160S,LYCEE ST FRANCOIS-NOTRE DAME,53,BRETAGNE,RENNES,29,FINISTERE,29124,LESNEVEN,privé sous contrat,139,99,0,91,1,86,10,,,,139,,,,,,,,,,,99,,,,,,,,,,,0,,,,,,,,216,194,139,94,99,-2,0,,,,86,,,,,,,,,,,10,,,,,,,,4,23,41,51,,,,
458,2024,0290194D,LYCEE SAINT BLAISE,53,BRETAGNE,RENNES,29,FINISTERE,29046,DOUARNENEZ,privé sous contrat,49,100,5,66,-19,69,15,,,,49,,,,,,,,,,,100,,,,,,,,,,,5,,,,,,,,57,29,38,95,100,2,4,,,,69,,,,,,,,,,,15,,,,,,,,1,2,9,22,,,,
646,2024,0352072M,INSTITUTION ST MALO-PROVIDENCE (GENERAL ET TECHNO.),53,BRETAGNE,RENNES,35,ILLE-ET-VILAINE,35288,SAINT MALO,privé sous contrat,328,100,1,93,3,70,-8,,,,269,,,59,,,,,,,,100,,,98,,,,,,,,1,,,0,,,,,306,322,291,96,98,0,-1,,,,76,,,42,,,,,,,,-6,,,-17,,,,,6,28,70,101,,,3,22
648,2024,0352304P,LYCEE SEVIGNE,53,BRETAGNE,RENNES,35,ILLE-ET-VILAINE,35051,CESSON SEVIGNE,public,333,98,-1,92,2,77,-1,,,,263,,,70,,,,,,,,99,,,94,,,,,,,,0,,,-2,,,,,381,396,362,97,98,1,-1,,,,83,,,53,,,,,,,,-2,,,0,,,,,5,41,93,80,,,5,32
1012,2024,0560119A,LYCEE STE ANNE-ST LOUIS (GENERAL ET TECHNO.),53,BRETAGNE,RENNES,56,MORBIHAN,56263,SAINTE ANNE D AURAY,privé sous contrat,200,100,2,86,-2,77,7,,,,154,,,46,,,,,,,,100,,,98,,,,,,,,1,,,2,,,,,120,165,189,94,99,-1,1,,,,81,,,63,,,,,,,,5,,,15,,,,,2,14,49,60,,,4,25
642,2024,0350808N,LYCEE STE JEANNE D'ARC (GENERAL ET TECHNO.),53,BRETAGNE,RENNES,35,ILLE-ET-VILAINE,35360,VITRE,privé sous contrat,247,100,2,88,0,70,3,,,,195,28,,24,,,,,,,,100,100,,100,,,,,,,,2,4,,3,,,,,280,243,232,96,100,1,2,,,,72,71,,54,,,,,,,,2,12,,-2,,,,,,21,48,71,,1,12,20
635,2024,0350783L,LYCEE ST MARTIN QUARTIER STE GENEVIEVE,53,BRETAGNE,RENNES,35,ILLE-ET-VILAINE,35238,RENNES,privé sous contrat,126,98,-1,82,-7,73,-4,,,,96,,30,,,,,,,,,98,,100,,,,,,,,,0,,1,,,,,,149,125,122,92,98,-4,-1,,,,67,,93,,,,,,,,,-8,,9,,,,,,1,8,21,34,,1,14,13
454,2024,0290174G,LYCEE NOTRE DAME DE KERBERTRAND,53,BRETAGNE,RENNES,29,FINISTERE,29233,QUIMPERLE,privé sous contrat,84,100,2,89,1,77,7,,,,61,,,23,,,,,,,,100,,,100,,,,,,,,1,,,3,,,,,96,93,93,98,100,3,2,,,,84,,,61,,,,,,,,8,,,7,,,,,,3,15,33,,,,14
1014,2024,0560182U,LYCEE JEANNE D'ARC-ST IVY (GENERAL ET TECHNO.),53,BRETAGNE,RENNES,56,MORBIHAN,56178,PONTIVY,privé sous contrat,311,98,1,89,2,73,9,,,,191,44,,76,,,,,,,,99,98,,97,,,,,,,,1,3,,2,,,,,296,274,291,97,99,3,2,,,,80,73,,57,,,,,,,,7,20,,9,,,,,2,19,51,81,,1,23,51
638,2024,0350793X,LYCEE FREDERIC OZANAM (GENERAL ET TECHNO.),53,BRETAGNE,RENNES,35,ILLE-ET-VILAINE,35051,CESSON SEVIGNE,privé sous contrat,229,97,0,90,3,61,-4,,,,100,78,,43,8,,,,,,,98,100,,91,100,,,,,,,0,3,,-4,,,,,209,256,230,93,98,0,1,,,,71,58,,37,88,,,,,,,-2,-8,,-7,,,,,1,9,20,41,1,7,25,35
1003,2024,0560026Z,LYCEE JEAN-BAPTISTE COLBERT (GENERAL ET TECHNO.),53,BRETAGNE,RENNES,56,MORBIHAN,56121,LORIENT,public,270,96,0,83,-2,63,-2,,,,160,98,,,12,,,,,,,98,94,,,92,,,,,,,0,1,,,-4,,,,237,261,304,93,98,0,1,,,,72,47,,,67,,,,,,,-3,-2,,,-1,,,,1,22,36,56,,4,18,32
1009,2024,0560105K,LYCEE LA MENNAIS (GENERAL ET TECHNO.),53,BRETAGNE,RENNES,56,MORBIHAN,56165,PLOERMEL,privé sous contrat,434,99,1,88,-1,75,2,,,,270,55,,109,,,,,,,,99,100,,100,,,,,,,,0,2,,2,,,,,422,378,398,96,99,1,1,,,,79,69,,67,,,,,,,,1,-1,,7,,,,,5,31,81,96,,3,25,83
351,2024,0221589H,LYCEE ST JOSEPH,53,BRETAGNE,RENNES,22,COTES D'ARMOR,22136,LOUDEAC,privé sous contrat,43,98,5,84,2,58,6,,,,28,,,15,,,,,,,,96,,,100,,,,,,,,-1,,,14,,,,,75,53,50,95,95,4,1,,,,64,,,47,,,,,,,,-2,,,20,,,,,,,8,10,,,,7
446,2024,0290108K,LYCEE DUPUY DE LOME (GENERAL ET TECHNO.),53,BRETAGNE,RENNES,29,FINISTERE,29019,BREST,public,61,100,5,84,3,46,-7,,,,,16,,,,45,,,,,,,100,,,,100,,,,,,,5,,,,5,,,46,84,64,89,94,-2,-1,,,,,44,,,,47,,,,,,,-12,,,,-6,,,,,,,,2,8,18
624,2024,0350029S,LYCEE JOLIOT-CURIE,53,BRETAGNE,RENNES,35,ILLE-ET-VILAINE,35238,RENNES,public,323,92,-4,77,-8,54,-6,,,,129,119,,54,21,,,,,,,97,89,,87,90,,,,,,,-1,-5,,-7,-6,,,,198,291,340,90,94,-3,-3,,,,67,48,,30,62,,,,,,,-4,-5,,-12,-5,,,,,12,33,42,,5,13,68
632,2024,0350776D,LYCEE ST VINCENT-PROVIDENCE,53,BRETAGNE,RENNES,35,ILLE-ET-VILAINE,35238,RENNES,privé sous contrat,216,100,1,88,-2,84,-2,,,,216,,,,,,,,,,,100,,,,,,,,,,,1,,,,,,,,233,215,203,96,100,0,1,,,,84,,,,,,,,,,,-2,,,,,,,,8,36,73,65,,,,
643,2024,0351907H,LYCEE RENE DESCARTES,53,BRETAGNE,RENNES,35,ILLE-ET-VILAINE,35238,RENNES,public,343,96,-1,91,5,67,0,,,,258,,,85,,,,,,,,98,,,89,,,,,,,,-1,,,-3,,,,,378,348,340,95,97,1,0,,,,76,,,39,,,,,,,,-1,,,0,,,,,4,38,63,91,,,5,28
1010,2024,0560114V,LYCEE ST FRANCOIS-XAVIER,53,BRETAGNE,RENNES,56,MORBIHAN,56260,VANNES,privé sous contrat,201,100,1,77,-13,80,0,,,,201,,,,,,,,,,,100,,,,,,,,,,,1,,,,,,,,198,181,191,88,100,-8,1,,,,80,,,,,,,,,,,0,,,,,,,,2,28,62,68,,,,
431,2024,0290010D,LYCEE DE L'HARTELOIRE,53,BRETAGNE,RENNES,29,FINISTERE,29019,BREST,public,129,98,2,83,-3,71,6,,,,129,,,,,,,,,,,98,,,,,,,,,,,2,,,,,,,,123,76,98,91,100,-3,3,,,,71,,,,,,,,,,,6,,,,,,,,2,11,36,42,,,,
620,2024,0350022J,LYCEE BEAUMONT,53,BRETAGNE,RENNES,35,ILLE-ET-VILAINE,35236,REDON,public,207,94,-2,80,-6,63,6,,,,137,18,,52,,,,,,,,98,89,,85,,,,,,,,1,0,,-10,,,,,220,200,215,92,96,-1,-1,,,,77,39,,35,,,,,,,,12,5,,-8,,,,,,13,37,55,,,4,21
429,2024,0290008B,LYCEE AMIRAL RONARC'H,53,BRETAGNE,RENNES,29,FINISTERE,29019,BREST,public,313,98,0,90,2,73,2,,,,250,,,63,,,,,,,,98,,,100,,,,,,,,0,,,4,,,,,331,332,311,94,97,-1,-1,,,,77,,,54,,,,,,,,0,,,5,,,,,5,38,75,75,,1,8,25
465,2024,0292047T,LYCEE DU LEON,53,BRETAGNE,RENNES,29,FINISTERE,29105,LANDIVISIAU,public,121,99,2,84,-3,62,-3,,,,94,,,27,,,,,,,,100,,,96,,,,,,,,2,,,2,,,,,141,133,101,92,99,-2,2,,,,70,,,33,,,,,,,,0,,,-13,,,,,1,7,29,29,,,2,7
631,2024,0350774B,LYCEE ST SAUVEUR,53,BRETAGNE,RENNES,35,ILLE-ET-VILAINE,35236,REDON,privé sous contrat,307,100,2,85,-4,79,6,,,,196,,,63,,48,,,,,,100,,,98,,100,,,,,,1,,,1,,2,,,292,280,255,98,100,3,2,,,,83,,,70,,75,,,,,,2,,,13,,13,,,2,21,69,71,,2,14,64
341,2024,0220097L,LYCEE NOTRE DAME,53,BRETAGNE,RENNES,22,COTES D'ARMOR,22070,GUINGAMP,privé sous contrat,219,98,0,83,-4,66,-3,,,,144,,,27,,48,,,,,,98,,,93,,100,,,,,,0,,,-3,,2,,,182,181,190,94,97,-1,-1,,,,68,,,41,,73,,,,,,-7,,,-10,,12,,,1,10,39,48,,2,13,31
350,2024,0221571N,LYCEE KERRAOUL (GENERAL ET TECHNO.),53,BRETAGNE,RENNES,22,COTES D'ARMOR,22162,PAIMPOL,public,117,97,0,87,0,74,9,,,,90,,,,,27,,,,,,98,,,,,93,,,,,,0,,,,,-2,,,146,112,104,96,98,2,0,,,,76,,,,,70,,,,,,6,,,,,21,,,2,11,22,33,,2,5,12
1019,2024,0561627P,LYCEE CHARLES DE GAULLE,53,BRETAGNE,RENNES,56,MORBIHAN,56260,VANNES LE PRAT,public,289,93,-3,80,-7,59,-3,,,,229,,,60,,,,,,,,97,,,80,,,,,,,,-1,,,-13,,,,,339,301,316,90,94,-4,-3,,,,66,,,33,,,,,,,,-1,,,-10,,,,,,27,48,76,,,2,18
333,2024,0220023F,LYCEE FELIX LE DANTEC,53,BRETAGNE,RENNES,22,COTES D'ARMOR,22113,LANNION,public,366,96,-2,87,-1,72,-1,,,,247,52,,67,,,,,,,,96,94,,96,,,,,,,,-3,-1,,-1,,,,,385,384,407,93,97,-2,-1,,,,79,56,,60,,,,,,,,-2,2,,4,,,,,3,42,64,85,1,3,19,46
441,2024,0290069T,LYCEE AUGUSTE BRIZEUX,53,BRETAGNE,RENNES,29,FINISTERE,29232,QUIMPER,public,230,98,0,84,-5,77,6,,,,230,,,,,,,,,,,98,,,,,,,,,,,0,,,,,,,,219,200,186,94,98,-2,0,,,,77,,,,,,,,,,,6,,,,,,,,3,21,69,85,,,,
629,2024,0350710G,LYCEE FRANCOIS RENE DE CHATEAUBRIAND,53,BRETAGNE,RENNES,35,ILLE-ET-VILAINE,35238,RENNES,public,218,99,0,87,-3,83,0,,,,218,,,,,,,,,,,99,,,,,,,,,,,0,,,,,,,,206,244,275,95,97,-1,-2,,,,83,,,,,,,,,,,0,,,,,,,,10,56,66,50,,,,
636,2024,0350787R,LYCEE LES RIMAINS,53,BRETAGNE,RENNES,35,ILLE-ET-VILAINE,35288,SAINT MALO,privé sous contrat,79,100,1,94,6,94,14,,,,39,40,,,,,,,,,,100,100,,,,,,,,,,0,2,,,,,,,122,105,84,98,100,3,1,,,,92,95,,,,,,,,,,3,24,,,,,,,1,8,13,14,,3,16,19
652,2024,0352533N,LYCEE FRANCOIS RENE DE CHATEAUBRIAND,53,BRETAGNE,RENNES,35,ILLE-ET-VILAINE,35085,COMBOURG,public,173,97,1,85,-1,59,-2,,,,140,,,33,,,,,,,,98,,,91,,,,,,,,1,,,-1,,,,,215,207,216,93,96,-1,-1,,,,69,,,15,,,,,,,,2,,,-19,,,,,,10,32,55,,,,5
1007,2024,0560098C,LYCEE NOTRE DAME DU VOEU,53,BRETAGNE,RENNES,56,MORBIHAN,56083,HENNEBONT,privé sous contrat,160,98,0,94,6,63,-5,,,,125,,,35,,,,,,,,98,,,94,,,,,,,,0,,,-1,,,,,164,119,139,97,98,2,0,,,,72,,,31,,,,,,,,-1,,,-16,,,,,3,16,28,43,,,4,7
428,2024,0290007A,LYCEE LA PEROUSE-KERICHEN,53,BRETAGNE,RENNES,29,FINISTERE,29019,BREST,public,213,98,0,87,-2,73,-1,,,,213,,,,,,,,,,,98,,,,,,,,,,,0,,,,,,,,255,204,202,95,98,-1,0,,,,73,,,,,,,,,,,-1,,,,,,,,2,22,55,76,,,,
461,2024,0290336H,LYCEE ESTRAN CHARLES DE FOUCAULD,53,BRETAGNE,RENNES,29,FINISTERE,29019,BREST,privé sous contrat,263,100,1,92,3,77,0,,,,199,,,51,13,,,,,,,100,,,100,92,,,,,,,1,,,2,-5,,,,312,245,283,98,100,3,1,,,,80,,,61,85,,,,,,,-1,,,1,14,,,,1,21,71,67,,2,15,25
464,2024,0291654R,LYCEE ST JOSEPH,53,BRETAGNE,RENNES,29,FINISTERE,29039,CONCARNEAU,privé sous contrat,124,98,0,82,-5,65,-3,,,,95,,,,,29,,,,,,99,,,,,97,,,,,,1,,,,,0,,,106,108,106,94,99,-1,1,,,,66,,,,,62,,,,,,-6,,,,,8,,,1,11,27,24,,,4,14
336,2024,0220057T,LYCEE ERNEST RENAN,53,BRETAGNE,RENNES,22,COTES D'ARMOR,22278,SAINT BRIEUC,public,292,95,-2,84,-2,52,-12,,,,150,,,99,,43,,,,,,99,,,90,,93,,,,,,0,,,-5,,-3,,,167,266,295,92,96,-2,-1,,,,70,,,29,,44,,,,,,-8,,,-18,,-10,,,2,11,40,52,,1,14,33
343,2024,0220102S,LYCEE SAINT JOSEPH - BOSSUET,53,BRETAGNE,RENNES,22,COTES D'ARMOR,22113,LANNION,privé sous contrat,205,99,1,82,-6,76,4,,,,152,,,39,,,,14,,,,99,,,95,,,,100,,,,0,,,0,,,,1,201,192,171,92,98,-3,0,,,,82,,,49,,,,93,,,,4,,,1,,,,25,1,21,49,53,,,2,30
633,2024,0350777E,LYCEE ST MARTIN,53,BRETAGNE,RENNES,35,ILLE-ET-VILAINE,35238,RENNES,privé sous contrat,448,100,1,90,-1,81,-6,,,,387,,,,,61,,,,,,100,,,,,97,,,,,,0,,,,,-2,,,468,468,445,96,100,-1,1,,,,84,,,,,61,,,,,,-5,,,,,-11,,,2,82,132,108,,,15,22
637,2024,0350791V,LYCEE MARCEL CALLO (GENERAL ET TECHNO.),53,BRETAGNE,RENNES,35,ILLE-ET-VILAINE,35236,REDON,privé sous contrat,106,98,1,89,3,75,8,,,,41,65,,,,,,,,,,98,98,,,,,,,,,,-1,2,,,,,,,78,109,104,94,98,0,1,,,,88,66,,,,,,,,,,11,5,,,,,,,2,3,17,14,,2,9,32
641,2024,0350801F,LYCEE JEAN PAUL II,53,BRETAGNE,RENNES,35,ILLE-ET-VILAINE,35278,SAINT GREGOIRE,privé sous contrat,220,100,1,95,4,95,9,,,,220,,,,,,,,,,,100,,,,,,,,,,,1,,,,,,,,272,199,215,98,100,1,1,,,,95,,,,,,,,,,,9,,,,,,,,5,37,97,69,,,,
644,2024,0351930H,LYCEE LA PROVIDENCE (GENERAL ET TECHNO.),53,BRETAGNE,RENNES,35,ILLE-ET-VILAINE,35184,MONTAUBAN DE BRETAGNE,privé sous contrat,119,100,2,89,1,78,6,,,,96,23,,,,,,,,,,100,100,,,,,,,,,,2,4,,,,,,,130,110,119,97,99,2,1,,,,78,78,,,,,,,,,,4,14,,,,,,,,12,29,34,,2,6,10
1008,2024,0560101F,LYCEE ST LOUIS,53,BRETAGNE,RENNES,56,MORBIHAN,56121,LORIENT,privé sous contrat,335,96,-2,85,-3,63,-5,,,,223,,,61,7,44,,,,,,100,,,93,100,84,,,,,,2,,,-4,,-12,,,267,310,315,94,96,-1,-2,,,,73,,,36,57,50,,,,,,-2,,,-16,,-4,,,3,23,56,81,,1,8,39
435,2024,0290023T,LYCEE JEAN MOULIN,53,BRETAGNE,RENNES,29,FINISTERE,29026,CHATEAULIN,public,161,98,0,83,-5,70,1,,,,130,,,31,,,,,,,,99,,,94,,,,,,,,1,,,0,,,,,177,161,158,94,97,-1,-1,,,,71,,,68,,,,,,,,-4,,,23,,,,,2,8,37,45,,,7,14
619,2024,0350011X,LYCEE JEAN GUEHENNO,53,BRETAGNE,RENNES,35,ILLE-ET-VILAINE,35115,FOUGERES,public,305,97,1,87,1,58,-2,,,,208,33,,64,,,,,,,,97,97,,95,,,,,,,,-1,3,,3,,,,,311,295,321,93,98,-1,1,,,,66,55,,34,,,,,,,,-2,3,,-6,,,,,3,24,45,66,,,10,30
630,2024,0350769W,LYCEE JEAN-BAPTISTE LE TAILLANDIER (GENERAL ET TECHNO.),53,BRETAGNE,RENNES,35,ILLE-ET-VILAINE,35115,FOUGERES,privé sous contrat,252,100,2,94,6,73,2,,,,193,,,34,,25,,,,,,99,,,100,,100,,,,,,0,,,4,,3,,,269,251,224,98,99,3,1,,,,78,,,38,,76,,,,,,2,,,-9,,16,,,1,22,53,75,,2,6,24
1002,2024,0560025Y,LYCEE DUPUY DE LOME,53,BRETAGNE,RENNES,56,MORBIHAN,56121,LORIENT,public,442,97,0,88,1,64,-5,,,,338,,,104,,,,,,,,98,,,92,,,,,,,,0,,,-2,,,,,439,458,453,94,98,0,0,,,,72,,,39,,,,,,,,-5,,,-4,,,,,6,46,72,119,,,6,35
1018,2024,0561607T,LYCEE VICTOR HUGO,53,BRETAGNE,RENNES,56,MORBIHAN,56083,HENNEBONT,public,281,99,1,87,0,62,-5,,,,231,,,50,,,,,,,,99,,,96,,,,,,,,1,,,1,,,,,318,306,243,98,100,3,2,,,,65,,,52,,,,,,,,-6,,,6,,,,,1,14,50,84,,1,7,18
440,2024,0290062K,LYCEE RENE LAENNEC,53,BRETAGNE,RENNES,29,FINISTERE,29220,PONT L ABBE,public,212,99,2,87,0,67,2,,,,146,,,66,,,,,,,,99,,,100,,,,,,,,1,,,5,,,,,178,197,194,95,100,1,3,,,,74,,,50,,,,,,,,1,,,2,,,,,,15,42,51,,1,7,25
634,2024,0350778F,LYCEE ASSOMPTION,53,BRETAGNE,RENNES,35,ILLE-ET-VILAINE,35238,RENNES,privé sous contrat,306,100,1,88,-2,83,0,,,,306,,,,,,,,,,,100,,,,,,,,,,,1,,,,,,,,440,332,267,96,99,0,0,,,,83,,,,,,,,,,,0,,,,,,,,4,38,122,90,,,,
640,2024,0350797B,LYCEE JEANNE D'ARC (GENERAL ET TECHNO.),53,BRETAGNE,RENNES,35,ILLE-ET-VILAINE,35238,RENNES,privé sous contrat,147,100,2,88,1,59,-7,,,,,,,147,,,,,,,,,,,100,,,,,,,,,,,2,,,,,76,133,153,96,99,2,1,,,,,,,59,,,,,,,,,,,-7,,,,,,,,,,2,23,61
653,2024,0352686E,LYCEE ANITA CONTI,53,BRETAGNE,RENNES,35,ILLE-ET-VILAINE,35047,BRUZ,public,291,97,-1,89,1,60,-9,,,,229,,,62,,,,,,,,97,,,94,,,,,,,,-2,,,0,,,,,373,285,295,96,99,1,1,,,,68,,,32,,,,,,,,-8,,,-11,,,,,1,17,49,89,,,3,17
655,2024,0352950S,LYCEE SIMONE VEIL,53,BRETAGNE,RENNES,35,ILLE-ET-VILAINE,35152,LIFFRE,public,379,99,1,87,-1,78,6,,,,303,,,76,,,,,,,,99,,,99,,,,,,,,0,,,3,,,,,449,373,328,95,99,0,1,,,,82,,,61,,,,,,,,5,,,10,,,,,6,43,98,102,,,17,29
346,2024,0220110A,LYCEE ST CHARLES,53,BRETAGNE,RENNES,22,COTES D'ARMOR,22278,SAINT BRIEUC,privé sous contrat,137,99,0,86,-4,83,3,,,,137,,,,,,,,,,,99,,,,,,,,,,,0,,,,,,,,169,123,160,96,99,0,0,,,,83,,,,,,,,,,,3,,,,,,,,3,24,41,46,,,,
452,2024,0290170C,LYCEE LE LIKES - LA SALLE - QUIMPER,53,BRETAGNE,RENNES,29,FINISTERE,29232,QUIMPER,privé sous contrat,478,100,2,87,-2,85,12,,,,302,57,,119,,,,,,,,100,100,,98,,,,,,,,1,4,,1,,,,,452,489,450,96,98,1,0,,,,92,81,,70,,,,,,,,9,26,,14,,,,,3,43,126,107,,1,43,85
647,2024,0352235P,LYCEE RENE CASSIN,53,BRETAGNE,RENNES,35,ILLE-ET-VILAINE,35188,MONTFORT SUR MEU,public,332,98,0,86,-1,67,-2,,,,223,,,109,,,,,,,,99,,,97,,,,,,,,0,,,1,,,,,366,273,274,95,100,0,2,,,,78,,,45,,,,,,,,-1,,,-5,,,,,,18,70,85,,1,12,36
438,2024,0290044R,LYCEE DE L'ELORN (GENERAL ET TECHNO.),53,BRETAGNE,RENNES,29,FINISTERE,29103,LANDERNEAU,public,308,98,0,86,-2,72,2,,,,191,49,,68,,,,,,,,98,100,,96,,,,,,,,-1,3,,-1,,,,,289,312,293,93,97,-2,-1,,,,79,76,,50,,,,,,,,1,13,,-4,,,,,2,17,58,73,,4,17,50
332,2024,0220018A,LYCEE AUGUSTE PAVIE,53,BRETAGNE,RENNES,22,COTES D'ARMOR,22070,GUINGAMP,public,234,99,2,86,-1,64,3,,,,167,,,67,,,,,,,,100,,,97,,,,,,,,2,,,2,,,,,313,259,232,93,97,-1,0,,,,72,,,45,,,,,,,,5,,,0,,,,,1,18,39,62,,1,7,22
349,2024,0220196U,LYCEE HENRI AVRIL (GENERAL ET TECHNO.),53,BRETAGNE,RENNES,22,COTES D'ARMOR,22093,LAMBALLE,public,249,98,1,90,3,63,0,,,,182,,,67,,,,,,,,98,,,99,,,,,,,,0,,,5,,,,,252,235,267,97,99,3,2,,,,68,,,48,,,,,,,,-3,,,5,,,,,2,16,41,65,,,5,27
1021,2024,0561698S,LYCEE JEAN MACE (GENERAL ET TECHNO.),53,BRETAGNE,RENNES,56,MORBIHAN,56098,LANESTER,public,163,98,1,80,-8,64,-1,,,,143,,,,20,,,,,,,99,,,,90,,,,,,,2,,,,-6,,,,184,147,167,89,98,-5,1,,,,66,,,,55,,,,,,,0,,,,-8,,,,5,15,28,46,,1,4,6
339,2024,0220065B,LYCEE JOSEPH SAVINA,53,BRETAGNE,RENNES,22,COTES D'ARMOR,22362,TREGUIER,public,142,95,-2,85,-2,73,7,,,,89,,31,22,,,,,,,,98,,100,77,,,,,,,,2,,1,-18,,,,,147,145,146,92,97,-2,-1,,,,74,,90,41,,,,,,,,11,,1,-7,,,,,1,8,24,33,,6,15,16
338,2024,0220060W,LYCEE EUGENE FREYSSINET,53,BRETAGNE,RENNES,22,COTES D'ARMOR,22278,SAINT BRIEUC,public,265,98,1,80,-8,65,-1,,,,226,39,,,,,,,,,,98,97,,,,,,,,,,0,3,,,,,,,276,257,188,91,98,-4,0,,,,65,64,,,,,,,,,,-4,13,,,,,,,5,26,51,66,,2,5,18
344,2024,0220106W,LYCEE JEAN XXIII,53,BRETAGNE,RENNES,22,COTES D'ARMOR,22262,QUINTIN,privé sous contrat,107,99,1,79,-9,73,0,,,,100,,,,7,,,,,,,99,,,,100,,,,,,,1,,,,,,,,126,91,100,92,98,-3,0,,,,72,,,,86,,,,,,,-1,,,,,,,,2,10,18,42,,2,2,2
448,2024,0290159R,LYCEE ST SEBASTIEN,53,BRETAGNE,RENNES,29,FINISTERE,29103,LANDERNEAU,privé sous contrat,143,100,2,89,1,76,8,,,,96,19,,28,,,,,,,,100,100,,100,,,,,,,,2,5,,2,,,,,198,164,212,98,99,3,1,,,,81,74,,61,,,,,,,,7,22,,2,,,,,4,9,29,36,,,9,22
455,2024,0290177K,LYCEE ND DU KREISKER,53,BRETAGNE,RENNES,29,FINISTERE,29259,SAINT POL DE LEON,privé sous contrat,246,98,1,89,2,66,1,,,,146,,,57,10,33,,,,,,100,,,95,100,94,,,,,,2,,,0,7,-3,,,231,242,251,96,98,2,1,,,,76,,,46,60,61,,,,,,2,,,-2,-4,3,,,,13,44,54,,2,13,37
622,2024,0350026N,LYCEE JEAN MACE,53,BRETAGNE,RENNES,35,ILLE-ET-VILAINE,35238,RENNES,public,325,95,-3,87,0,66,-5,,,,239,,,86,,,,,,,,100,,,81,,,,,,,,1,,,-13,,,,,349,331,316,93,96,-2,-2,,,,77,,,35,,,,,,,,-2,,,-12,,,,,8,37,58,81,,2,10,18
625,2024,0350030T,LYCEE PIERRE MENDES FRANCE (GENERAL ET TECHNO.),53,BRETAGNE,RENNES,35,ILLE-ET-VILAINE,35238,RENNES,public,148,98,2,78,-7,66,3,,,,91,57,,,,,,,,,,100,95,,,,,,,,,,1,3,,,,,,,137,156,153,90,98,-3,1,,,,76,49,,,,,,,,,,0,6,,,,,,,2,11,27,29,,1,6,21
1006,2024,0560096A,LYCEE STE JEANNE D'ARC (GENERAL ET TECHNO.),53,BRETAGNE,RENNES,56,MORBIHAN,56066,GOURIN,privé sous contrat,37,97,,81,,59,,,,,29,,,8,,,,,,,,97,,,100,,,,,,,,,,,,,,,,38,35,49,97,97,,,,,,69,,,25,,,,,,,,,,,,,,,,,2,9,9,,,,2
1011,2024,0560117Y,LYCEE ST PAUL,53,BRETAGNE,RENNES,56,MORBIHAN,56260,VANNES,privé sous contrat,610,100,1,92,2,77,-1,,,,506,,,104,,,,,,,,100,,,99,,,,,,,,1,,,1,,,,,541,596,523,98,99,2,0,,,,81,,,55,,,,,,,,-1,,,-4,,,,,12,74,159,167,,2,13,42
1016,2024,0560200N,LYCEE NOTRE DAME LE MENIMUR (GENERAL ET TECHNO.),53,BRETAGNE,RENNES,56,MORBIHAN,56260,VANNES LE PRAT,privé sous contrat,247,100,3,85,-1,60,1,,,,57,,,83,,107,,,,,,100,,,100,,99,,,,,,2,,,5,,2,,,225,288,257,92,99,-1,3,,,,75,,,46,,64,,,,,,4,,,-2,,4,,,,2,12,29,1,5,32,68
347,2024,0220111B,LYCEE ST PIERRE,53,BRETAGNE,RENNES,22,COTES D'ARMOR,22278,SAINT BRIEUC,privé sous contrat,143,99,0,81,-8,82,6,,,,126,,,,,17,,,,,,100,,,,,94,,,,,,1,,,,,-3,,,184,134,138,92,99,-4,0,,,,83,,,,,71,,,,,,4,,,,,13,,,3,14,44,44,,1,4,7
432,2024,0290012F,LYCEE VAUBAN (GENERAL ET TECHNO.),53,BRETAGNE,RENNES,29,FINISTERE,29019,BREST,public,175,99,2,84,-1,66,-3,,,,26,78,30,,41,,,,,,,100,100,100,,95,,,,,,,1,4,0,,-2,,,,167,150,169,95,99,1,2,,,,85,51,100,,56,,,,,,,5,-5,5,,-10,,,,,2,8,12,1,16,27,49
456,2024,0290181P,LYCEE JAVOUHEY,53,BRETAGNE,RENNES,29,FINISTERE,29019,BREST,privé sous contrat,156,99,1,85,-2,71,2,,,,119,,,37,,,,,,,,100,,,97,,,,,,,,2,,,1,,,,,118,126,124,96,100,1,2,,,,77,,,49,,,,,,,,4,,,-5,,,,,,11,30,51,,,3,15
463,2024,0290340M,LYCEE FENELON (GENERAL ET TECHNO.),53,BRETAGNE,RENNES,29,FINISTERE,29019,BREST,privé sous contrat,117,99,1,91,4,67,3,,,,,,,,,97,20,,,,,,,,,,99,100,,,,,,,,,,2,1,,74,108,101,95,98,1,1,,,,,,,,,60,100,,,,,,,,,,1,9,,,,,,1,7,26,44
623,2024,0350028R,LYCEE BREQUIGNY,53,BRETAGNE,RENNES,35,ILLE-ET-VILAINE,35238,RENNES,public,709,94,-2,86,0,61,-4,,,,385,67,32,96,32,97,,,,,,98,81,97,91,91,94,,,,,,0,-9,-3,-1,-2,-2,,,588,707,738,91,96,-2,-1,,,,71,36,97,35,69,53,,,,,,-3,-11,6,-5,7,-3,,,2,39,93,140,1,14,51,96
626,2024,0350042F,LYCEE MAUPERTUIS,53,BRETAGNE,RENNES,35,ILLE-ET-VILAINE,35288,SAINT MALO,public,129,96,1,74,-10,43,-13,,,,26,33,,,12,58,,,,,,100,97,,,100,93,,,,,,3,3,,,5,-2,,,113,162,121,85,93,-7,-2,,,,42,39,,,33,47,,,,,,-27,-8,,,-32,-7,,,,2,5,4,2,2,10,30
1020,2024,0561641E,LYCEE MARCELLIN BERTHELOT (GENERAL ET TECHNO.),53,BRETAGNE,RENNES,56,MORBIHAN,56184,QUESTEMBERT,public,128,95,-1,89,3,63,4,,,,97,17,,14,,,,,,,,97,94,,86,,,,,,,,0,0,,-8,,,,,158,131,136,95,97,2,0,,,,67,53,,50,,,,,,,,3,10,,8,,,,,,8,22,35,,,8,8
335,2024,0220056S,LYCEE FRANCOIS RABELAIS,53,BRETAGNE,RENNES,22,COTES D'ARMOR,22278,SAINT BRIEUC,public,261,96,-1,77,-10,62,-3,,,,192,,,69,,,,,,,,96,,,96,,,,,,,,-2,,,3,,,,,281,275,260,90,96,-5,-2,,,,71,,,36,,,,,,,,-2,,,-6,,,,,3,26,39,69,,,4,21
451,2024,0290168A,LYCEE ST GABRIEL (GENERAL ET TECHNO.),53,BRETAGNE,RENNES,29,FINISTERE,29220,PONT L ABBE,privé sous contrat,75,100,2,88,0,88,13,,,,75,,,,,,,,,,,100,,,,,,,,,,,2,,,,,,,,90,59,60,98,100,2,1,,,,88,,,,,,,,,,,13,,,,,,,,3,9,20,34,,,,
1004,2024,0560038M,LYCEE JOSEPH LOTH,53,BRETAGNE,RENNES,56,MORBIHAN,56178,PONTIVY,public,265,97,1,80,-6,62,2,,,,191,,,74,,,,,,,,97,,,97,,,,,,,,0,,,3,,,,,274,251,235,92,98,-2,1,,,,66,,,51,,,,,,,,-1,,,11,,,,,3,15,43,66,,,10,28
1017,2024,0561534N,LYCEE BENJAMIN FRANKLIN,53,BRETAGNE,RENNES,56,MORBIHAN,56007,AURAY,public,404,98,0,83,-4,64,-5,,,,317,,,87,,,,,,,,100,,,91,,,,,,,,2,,,-4,,,,,510,410,357,94,97,-1,-1,,,,71,,,40,,,,,,,,-4,,,-7,,,,,2,27,90,106,,1,4,30
434,2024,0290022S,LYCEE PAUL SERUSIER (GENERAL ET TECHNO.),53,BRETAGNE,RENNES,29,FINISTERE,29024,CARHAIX PLOUGUER,public,138,95,-1,83,-3,59,-1,,,,89,14,,35,,,,,,,,96,100,,91,,,,,,,,-2,7,,-3,,,,,115,106,110,92,95,-2,-2,,,,63,71,,43,,,,,,,,-6,18,,4,,,,,,9,26,21,,1,8,16
337,2024,0220058U,LYCEE CHAPTAL (GENERAL ET TECHNO.),53,BRETAGNE,RENNES,22,COTES D'ARMOR,22278,SAINT BRIEUC,public,76,99,3,85,1,72,8,,,,24,36,,,16,,,,,,,100,97,,,100,,,,,,,2,2,,,3,,,,61,70,96,93,99,0,2,,,,88,67,,,62,,,,,,,20,10,,,-11,,,,,2,6,13,,1,10,23
443,2024,0290071V,LYCEE YVES THEPOT (GENERAL ET TECHNO.),53,BRETAGNE,RENNES,29,FINISTERE,29232,QUIMPER,public,119,98,3,84,1,67,11,,,,28,91,,,,,,,,,,100,98,,,,,,,,,,4,3,,,,,,,64,127,93,90,99,-2,4,,,,71,66,,,,,,,,,,8,12,,,,,,,,4,7,9,,3,18,39
334,2024,0220027K,LYCEE FULGENCE BIENVENUE (GENERAL ET TECHNO.),53,BRETAGNE,RENNES,22,COTES D'ARMOR,22136,LOUDEAC,public,151,96,0,87,1,60,-1,,,,93,9,,49,,,,,,,,96,100,,96,,,,,,,,-2,,,3,,,,,141,142,145,90,97,-3,0,,,,70,56,,43,,,,,,,,-2,,,1,,,,,,3,23,39,,2,4,20
453,2024,0290171D,LYCEE STE THERESE,53,BRETAGNE,RENNES,29,FINISTERE,29232,QUIMPER,privé sous contrat,217,100,2,87,-1,71,0,,,,158,,,59,,,,,,,,100,,,98,,,,,,,,1,,,1,,,,,261,185,179,93,98,-2,0,,,,77,,,56,,,,,,,,0,,,3,,,,,2,16,41,62,,,12,21
460,2024,0290335G,LYCEE LA CROIX ROUGE LA SALLE (GENERAL ET TECHNO.),53,BRETAGNE,RENNES,29,FINISTERE,29019,BREST,privé sous contrat,475,100,2,93,5,80,8,,,,273,79,,123,,,,,,,,100,100,,100,,,,,,,,1,3,,4,,,,,442,489,434,98,100,3,2,,,,89,86,,54,,,,,,,,7,20,,1,,,,,6,46,98,94,,4,37,93
627,2024,0350048M,LYCEE JACQUES CARTIER (GENERAL ET TECHNO.),53,BRETAGNE,RENNES,35,ILLE-ET-VILAINE,35288,SAINT MALO,public,331,96,-1,88,0,59,-8,,,,247,,,84,,,,,,,,99,,,88,,,,,,,,1,,,-7,,,,,327,308,307,94,97,-1,-1,,,,69,,,29,,,,,,,,-5,,,-18,,,,,,22,50,98,,,5,19
